"","Metric","FMP.Area","OFL","ABC"
"1","T6mean","BSAI",270.104097791823,202.578073343867
"2","T6maxsp","BSAI",948.8770886182,711.65781646365
"3","T65ptl","BSAI",65.56749830956,49.17562373217
"4","T695ptl","BSAI",675.619246297539,506.714434723155
"5","T65pct","BSAI",101.542914111193,76.1571855833949
"6","T6mean","GOA",568.980090909091,426.735068181818
"7","T6maxsp","GOA",2128.464,1596.348
"8","T65ptl","GOA",167.831,125.87325
"9","T695ptl","GOA",1470.182,1102.6365
"10","T65pct","GOA",161.395895743456,121.046921807592
"11","T6maxc","BSAI",689.399,517.04925
"12","T6maxc","GOA",1524.3,1143.225
